"","term_id","source","term_name","p_value","term_size","query_size","intersection_size","precision","recall","effective_domain_size","source_order"
"1","GO:0005198","GO:MF","structural molecule activity",1.39066190800886e-38,249,789,104,0.131812420785805,0.417670682730924,7927,1712
"2","GO:0005840","GO:CC","ribosome",6.58881986092309e-32,132,524,64,0.122137404580153,0.484848484848485,6081,497
"3","GO:0043228","GO:CC","non-membrane-bounded organelle",2.50758274354531e-31,413,524,115,0.219465648854962,0.278450363196126,6081,2150
"4","GO:0043232","GO:CC","intracellular non-membrane-bounded organelle",2.50758274354531e-31,413,524,115,0.219465648854962,0.278450363196126,6081,2154
"5","GO:0003735","GO:MF","structural constituent of ribosome",5.15200111904122e-28,127,789,63,0.0798479087452472,0.496062992125984,7927,457
"6","GO:0006412","GO:BP","translation",2.8745233787575e-26,227,562,81,0.144128113879004,0.356828193832599,5977,2436
"7","GO:0043604","GO:BP","amide biosynthetic process",2.8745233787575e-26,242,562,84,0.149466192170818,0.347107438016529,5977,12533
"8","GO:0043043","GO:BP","peptide biosynthetic process",2.8745233787575e-26,231,562,82,0.145907473309609,0.354978354978355,5977,12201
"9","GO:0006518","GO:BP","peptide metabolic process",2.84214724256716e-25,245,562,83,0.147686832740214,0.338775510204082,5977,2526
"10","GO:0043603","GO:BP","cellular amide metabolic process",1.0300109679217e-24,277,562,88,0.156583629893238,0.317689530685921,5977,12532
"11","GO:0019752","GO:BP","carboxylic acid metabolic process",1.22283544676282e-18,193,562,64,0.113879003558719,0.33160621761658,5977,7009
"12","GO:0006082","GO:BP","organic acid metabolic process",4.81857311312188e-17,240,562,70,0.124555160142349,0.291666666666667,5977,2142
"13","GO:0043436","GO:BP","oxoacid metabolic process",1.11696441288493e-16,238,562,69,0.122775800711744,0.289915966386555,5977,12415
"14","GO:0006091","GO:BP","generation of precursor metabolites and energy",3.36152800224652e-15,106,562,42,0.0747330960854092,0.39622641509434,5977,2150
"15","GO:1901566","GO:BP","organonitrogen compound biosynthetic process",7.86392654747839e-15,520,562,108,0.192170818505338,0.207692307692308,5977,24866
"16","GO:0044281","GO:BP","small molecule metabolic process",5.20680304718317e-14,454,562,97,0.172597864768683,0.213656387665198,5977,12817
"17","GO:0005622","GO:CC","intracellular",5.69351059143008e-13,1826,524,237,0.452290076335878,0.129791894852136,6081,299
"18","GO:0046034","GO:BP","ATP metabolic process",2.06157297114743e-12,51,562,26,0.0462633451957295,0.509803921568627,5977,13856
"19","GO:1901564","GO:BP","organonitrogen compound metabolic process",1.52326025072422e-11,2247,562,292,0.519572953736655,0.129951045838896,5977,24864
"20","GO:0016469","GO:CC","proton-transporting two-sector ATPase complex",1.31146597535268e-09,34,524,18,0.0343511450381679,0.529411764705882,6081,893
"21","GO:0055114","GO:BP","oxidation-reduction process",3.49941229322207e-09,411,562,80,0.142348754448399,0.194647201946472,5977,16956
"22","GO:0005975","GO:BP","carbohydrate metabolic process",8.48393007810971e-09,133,562,38,0.0676156583629893,0.285714285714286,5977,2037
"23","GO:0005737","GO:CC","cytoplasm",1.36026935254342e-08,725,524,110,0.209923664122137,0.151724137931034,6081,402
"24","GO:0006757","GO:BP","ATP generation from ADP",2.99009696419295e-08,19,562,13,0.0231316725978648,0.684210526315789,5977,2754
"25","GO:0032787","GO:BP","monocarboxylic acid metabolic process",2.99009696419295e-08,63,562,24,0.0427046263345196,0.380952380952381,5977,9094
"26","GO:0006096","GO:BP","glycolytic process",2.99009696419295e-08,19,562,13,0.0231316725978648,0.684210526315789,5977,2152
"27","GO:0043229","GO:CC","intracellular organelle",3.67341784701806e-08,1509,524,189,0.360687022900763,0.125248508946322,6081,2151
"28","GO:0043226","GO:CC","organelle",4.57281942942357e-08,1546,524,192,0.366412213740458,0.124191461836999,6081,2148
"29","GO:0046031","GO:BP","ADP metabolic process",7.04202221837822e-08,20,562,13,0.0231316725978648,0.65,5977,13853
"30","GO:0006090","GO:BP","pyruvate metabolic process",1.13183774206658e-07,24,562,14,0.0249110320284698,0.583333333333333,5977,2149
"31","GO:0006099","GO:BP","tricarboxylic acid cycle",1.13183774206658e-07,24,562,14,0.0249110320284698,0.583333333333333,5977,2155
"32","GO:0009179","GO:BP","purine ribonucleoside diphosphate metabolic process",1.18989310689356e-07,21,562,13,0.0231316725978648,0.619047619047619,5977,3812
"33","GO:0009185","GO:BP","ribonucleoside diphosphate metabolic process",1.18989310689356e-07,21,562,13,0.0231316725978648,0.619047619047619,5977,3818
"34","GO:0008152","GO:BP","metabolic process",1.18989310689356e-07,4163,562,450,0.800711743772242,0.108095123708864,5977,3566
"35","GO:0006165","GO:BP","nucleoside diphosphate phosphorylation",1.18989310689356e-07,21,562,13,0.0231316725978648,0.619047619047619,5977,2215
"36","GO:0009135","GO:BP","purine nucleoside diphosphate metabolic process",1.18989310689356e-07,21,562,13,0.0231316725978648,0.619047619047619,5977,3769
"37","GO:0046939","GO:BP","nucleotide phosphorylation",1.18989310689356e-07,21,562,13,0.0231316725978648,0.619047619047619,5977,14578
"38","GO:0042302","GO:MF","structural constituent of cuticle",1.6158333773715e-07,70,789,26,0.0329531051964512,0.371428571428571,7927,6692
"39","GO:0000786","GO:CC","nucleosome",1.7817432323075e-07,40,524,17,0.0324427480916031,0.425,6081,112
"40","GO:0044815","GO:CC","DNA packaging complex",1.7817432323075e-07,40,524,17,0.0324427480916031,0.425,6081,2438
"41","GO:0045333","GO:BP","cellular respiration",1.89462340085929e-07,41,562,18,0.0320284697508897,0.439024390243902,5977,13338
"42","GO:0044391","GO:CC","ribosomal subunit",2.33685307108557e-07,32,524,15,0.0286259541984733,0.46875,6081,2355
"43","GO:0032993","GO:CC","protein-DNA complex",2.33685307108557e-07,41,524,17,0.0324427480916031,0.414634146341463,6081,1592
"44","GO:0009060","GO:BP","aerobic respiration",3.26267328630646e-07,26,562,14,0.0249110320284698,0.538461538461538,5977,3698
"45","GO:0016052","GO:BP","carbohydrate catabolic process",3.26267328630646e-07,26,562,14,0.0249110320284698,0.538461538461538,5977,5702
"46","GO:0015980","GO:BP","energy derivation by oxidation of organic compounds",5.17350584374203e-07,48,562,19,0.0338078291814947,0.395833333333333,5977,5672
"47","GO:0005576","GO:CC","extracellular region",5.48857424892353e-07,238,524,47,0.0896946564885496,0.197478991596639,6081,256
"48","GO:0006520","GO:BP","cellular amino acid metabolic process",1.13331661075581e-06,122,562,32,0.0569395017793594,0.262295081967213,5977,2527
"49","GO:0009132","GO:BP","nucleoside diphosphate metabolic process",3.18828328833311e-06,26,562,13,0.0231316725978648,0.5,5977,3766
"50","GO:0016491","GO:MF","oxidoreductase activity",4.7886146458023e-06,373,789,71,0.0899873257287706,0.190348525469169,7927,3583
"51","GO:0044271","GO:BP","cellular nitrogen compound biosynthetic process",5.32403803967522e-06,838,562,121,0.215302491103203,0.144391408114558,5977,12811
"52","GO:0045259","GO:CC","proton-transporting ATP synthase complex",1.58796539284806e-05,9,524,7,0.0133587786259542,0.777777777777778,6081,2488
"53","GO:0015078","GO:MF","proton transmembrane transporter activity",1.82639194467502e-05,56,789,20,0.0253485424588086,0.357142857142857,7927,2933
"54","GO:0005856","GO:CC","cytoskeleton",1.87048696522318e-05,152,524,32,0.0610687022900763,0.210526315789474,6081,509
"55","GO:0033178","GO:CC","proton-transporting two-sector ATPase complex, catalytic domain",2.14070485539971e-05,16,524,9,0.017175572519084,0.5625,6081,1646
"56","GO:0005509","GO:MF","calcium ion binding",3.29106241576726e-05,144,789,35,0.0443599493029151,0.243055555555556,7927,1895
"57","GO:0000785","GO:CC","chromatin",4.10206958652717e-05,57,524,17,0.0324427480916031,0.298245614035088,6081,111
"58","GO:0016874","GO:MF","ligase activity",5.19964701817448e-05,93,789,26,0.0329531051964512,0.279569892473118,7927,3868
"59","GO:0072521","GO:BP","purine-containing compound metabolic process",9.29562461904647e-05,107,562,26,0.0462633451957295,0.242990654205607,5977,20509
"60","GO:0006006","GO:BP","glucose metabolic process",0.000110707232370789,13,562,8,0.0142348754448399,0.615384615384615,5977,2068
"61","GO:0009058","GO:BP","biosynthetic process",0.000111218834582847,1166,562,151,0.268683274021352,0.129502572898799,5977,3696
"62","GO:0015986","GO:BP","ATP synthesis coupled proton transport",0.000119094076311305,10,562,7,0.0124555160142349,0.7,5977,5678
"63","GO:0006754","GO:BP","ATP biosynthetic process",0.000119094076311305,10,562,7,0.0124555160142349,0.7,5977,2751
"64","GO:0015985","GO:BP","energy coupled proton transport, down electrochemical gradient",0.000119094076311305,10,562,7,0.0124555160142349,0.7,5977,5677
"65","GO:1901071","GO:BP","glucosamine-containing compound metabolic process",0.000130746514701055,17,562,9,0.0160142348754448,0.529411764705882,5977,24405
"66","GO:1901575","GO:BP","organic substance catabolic process",0.000145249187294502,216,562,41,0.0729537366548043,0.189814814814815,5977,24874
"67","GO:0005615","GO:CC","extracellular space",0.000153281495735873,82,524,20,0.0381679389312977,0.24390243902439,6081,293
"68","GO:0033176","GO:CC","proton-transporting V-type ATPase complex",0.000153281495735873,24,524,10,0.0190839694656489,0.416666666666667,6081,1644
"69","GO:0003746","GO:MF","translation elongation factor activity",0.000184910206933351,9,789,7,0.00887198986058302,0.777777777777778,7927,459
"70","GO:0033177","GO:CC","proton-transporting two-sector ATPase complex, proton-transporting domain",0.000201040656088565,16,524,8,0.0152671755725191,0.5,6081,1645
"71","GO:0015935","GO:CC","small ribosomal subunit",0.000201040656088565,16,524,8,0.0152671755725191,0.5,6081,858
"72","GO:1901576","GO:BP","organic substance biosynthetic process",0.00020594261664459,1134,562,146,0.259786476868327,0.128747795414462,5977,24875
"73","GO:0009145","GO:BP","purine nucleoside triphosphate biosynthetic process",0.000250808439827771,11,562,7,0.0124555160142349,0.636363636363636,5977,3779
"74","GO:0006457","GO:BP","protein folding",0.000250808439827771,47,562,15,0.0266903914590747,0.319148936170213,5977,2471
"75","GO:0009144","GO:BP","purine nucleoside triphosphate metabolic process",0.000250808439827771,11,562,7,0.0124555160142349,0.636363636363636,5977,3778
"76","GO:0009205","GO:BP","purine ribonucleoside triphosphate metabolic process",0.000250808439827771,11,562,7,0.0124555160142349,0.636363636363636,5977,3838
"77","GO:0009206","GO:BP","purine ribonucleoside triphosphate biosynthetic process",0.000250808439827771,11,562,7,0.0124555160142349,0.636363636363636,5977,3839
"78","GO:0006163","GO:BP","purine nucleotide metabolic process",0.000280483145979857,102,562,24,0.0427046263345196,0.235294117647059,5977,2213
"79","GO:0006030","GO:BP","chitin metabolic process",0.000335834796991169,15,562,8,0.0142348754448399,0.533333333333333,5977,2090
"80","GO:0006040","GO:BP","amino sugar metabolic process",0.000336002059850783,19,562,9,0.0160142348754448,0.473684210526316,5977,2100
"81","GO:0044249","GO:BP","cellular biosynthetic process",0.000448058577107534,1116,562,142,0.252669039145907,0.127240143369176,5977,12797
"82","GO:0009150","GO:BP","purine ribonucleotide metabolic process",0.000482710481173466,99,562,23,0.0409252669039146,0.232323232323232,5977,3784
"83","GO:1901135","GO:BP","carbohydrate derivative metabolic process",0.000496031084355491,308,562,51,0.0907473309608541,0.165584415584416,5977,24468
"84","GO:0045261","GO:CC","proton-transporting ATP synthase complex, catalytic core F(1)",0.000525754453863382,4,524,4,0.00763358778625954,1,6081,2490
"85","GO:0006414","GO:BP","translational elongation",0.000560595304848631,16,562,8,0.0142348754448399,0.5,5977,2438
"86","GO:0099081","GO:CC","supramolecular polymer",0.000565623568624245,57,524,15,0.0286259541984733,0.263157894736842,6081,3785
"87","GO:0099512","GO:CC","supramolecular fiber",0.000565623568624245,57,524,15,0.0286259541984733,0.263157894736842,6081,3815
"88","GO:0019842","GO:MF","vitamin binding",0.00061186721706571,54,789,17,0.0215462610899873,0.314814814814815,7927,4632
"89","GO:1902600","GO:BP","proton transmembrane transport",0.000628300739065493,40,562,13,0.0231316725978648,0.325,5977,25784
"90","GO:0009056","GO:BP","catabolic process",0.000646089909975482,240,562,42,0.0747330960854092,0.175,5977,3694
"91","GO:0019866","GO:CC","organelle inner membrane",0.000720701995126227,65,524,16,0.0305343511450382,0.246153846153846,6081,1000
"92","GO:0005743","GO:CC","mitochondrial inner membrane",0.000720701995126227,65,524,16,0.0305343511450382,0.246153846153846,6081,407
"93","GO:0046982","GO:MF","protein heterodimerization activity",0.000724283571427926,55,789,17,0.0215462610899873,0.309090909090909,7927,7434
"94","GO:0006022","GO:BP","aminoglycan metabolic process",0.000796099721807931,64,562,17,0.0302491103202847,0.265625,5977,2082
"95","GO:0006418","GO:BP","tRNA aminoacylation for protein translation",0.000887471931943388,36,562,12,0.0213523131672598,0.333333333333333,5977,2441
"96","GO:0005200","GO:MF","structural constituent of cytoskeleton",0.000921643527369345,18,789,9,0.0114068441064639,0.5,7927,1714
"97","GO:0009253","GO:BP","peptidoglycan catabolic process",0.0010175785844896,4,562,4,0.00711743772241993,1,5977,3885
"98","GO:0000270","GO:BP","peptidoglycan metabolic process",0.0010175785844896,4,562,4,0.00711743772241993,1,5977,119
"99","GO:0006027","GO:BP","glycosaminoglycan catabolic process",0.0010175785844896,4,562,4,0.00711743772241993,1,5977,2087
"100","GO:0034645","GO:BP","cellular macromolecule biosynthetic process",0.00105138404006829,847,562,111,0.197508896797153,0.131050767414404,5977,10073
"101","GO:0016903","GO:MF","oxidoreductase activity, acting on the aldehyde or oxo group of donors",0.00112276924148599,27,789,11,0.0139416983523447,0.407407407407407,7927,3896
"102","GO:0005740","GO:CC","mitochondrial envelope",0.00119343495769432,96,524,20,0.0381679389312977,0.208333333333333,6081,404
"103","GO:0009259","GO:BP","ribonucleotide metabolic process",0.00122852696005602,106,562,23,0.0409252669039146,0.216981132075472,5977,3891
"104","GO:0019693","GO:BP","ribose phosphate metabolic process",0.00122852696005602,106,562,23,0.0409252669039146,0.216981132075472,5977,6968
"105","GO:0099080","GO:CC","supramolecular complex",0.00136450568566655,62,524,15,0.0286259541984733,0.241935483870968,6081,3784
"106","GO:0043039","GO:BP","tRNA aminoacylation",0.00141809147535965,38,562,12,0.0213523131672598,0.315789473684211,5977,12197
"107","GO:0043038","GO:BP","amino acid activation",0.00141809147535965,38,562,12,0.0213523131672598,0.315789473684211,5977,12196
"108","GO:0015934","GO:CC","large ribosomal subunit",0.00142181900697801,16,524,7,0.0133587786259542,0.4375,6081,857
"109","GO:1901136","GO:BP","carbohydrate derivative catabolic process",0.00142994322855741,14,562,7,0.0124555160142349,0.5,5977,24469
"110","GO:0009059","GO:BP","macromolecule biosynthetic process",0.00143299678157033,855,562,111,0.197508896797153,0.129824561403509,5977,3697
"111","GO:0022900","GO:BP","electron transport chain",0.00160562551038363,50,562,14,0.0249110320284698,0.28,5977,7671
"112","GO:0022626","GO:CC","cytosolic ribosome",0.00179580141498144,5,524,4,0.00763358778625954,0.8,6081,1034
"113","GO:0032991","GO:CC","protein-containing complex",0.00181806183712212,709,524,87,0.166030534351145,0.122708039492243,6081,1590
"114","GO:0044283","GO:BP","small molecule biosynthetic process",0.00195966729217998,96,562,21,0.0373665480427046,0.21875,5977,12819
"115","GO:1901606","GO:BP","alpha-amino acid catabolic process",0.00195966729217998,19,562,8,0.0142348754448399,0.421052631578947,5977,24898
"116","GO:0009142","GO:BP","nucleoside triphosphate biosynthetic process",0.00223499985696942,15,562,7,0.0124555160142349,0.466666666666667,5977,3776
"117","GO:0009201","GO:BP","ribonucleoside triphosphate biosynthetic process",0.00223499985696942,15,562,7,0.0124555160142349,0.466666666666667,5977,3834
"118","GO:0009199","GO:BP","ribonucleoside triphosphate metabolic process",0.00223499985696942,15,562,7,0.0124555160142349,0.466666666666667,5977,3832
"119","GO:0016620","GO:MF","oxidoreductase activity, acting on the aldehyde or oxo group of donors, NAD or NADP as acceptor",0.00224137611026556,20,789,9,0.0114068441064639,0.45,7927,3632
"120","GO:0015629","GO:CC","actin cytoskeleton",0.00265440198459528,40,524,11,0.0209923664122137,0.275,6081,855
"121","GO:0099513","GO:CC","polymeric cytoskeletal fiber",0.00268147646286032,53,524,13,0.0248091603053435,0.245283018867925,6081,3816
"122","GO:0097237","GO:BP","cellular response to toxic substance",0.00271797296133525,30,562,10,0.0177935943060498,0.333333333333333,5977,21927
"123","GO:0098754","GO:BP","detoxification",0.00271797296133525,30,562,10,0.0177935943060498,0.333333333333333,5977,22283
"124","GO:0009636","GO:BP","response to toxic substance",0.00271797296133525,30,562,10,0.0177935943060498,0.333333333333333,5977,4039
"125","GO:1990748","GO:BP","cellular detoxification",0.00271797296133525,30,562,10,0.0177935943060498,0.333333333333333,5977,29142
"126","GO:0051015","GO:MF","actin filament binding",0.00272464561552865,25,789,10,0.0126742712294043,0.4,7927,9157
"127","GO:0098796","GO:CC","membrane protein complex",0.00281719734318928,176,524,29,0.0553435114503817,0.164772727272727,6081,3660
"128","GO:0019538","GO:BP","protein metabolic process",0.00306708328225136,2005,562,226,0.402135231316726,0.112718204488778,5977,6824
"129","GO:0055086","GO:BP","nucleobase-containing small molecule metabolic process",0.00344091911531306,190,562,33,0.0587188612099644,0.173684210526316,5977,16938
"130","GO:0008061","GO:MF","chitin binding",0.00346290137963054,17,789,8,0.0101394169835234,0.470588235294118,7927,1964
"131","GO:0016875","GO:MF","ligase activity, forming carbon-oxygen bonds",0.00349098023088976,36,789,12,0.0152091254752852,0.333333333333333,7927,3869
"132","GO:0004812","GO:MF","aminoacyl-tRNA ligase activity",0.00349098023088976,36,789,12,0.0152091254752852,0.333333333333333,7927,1384
"133","GO:0005739","GO:CC","mitochondrion",0.00364569915263548,196,524,31,0.0591603053435115,0.158163265306122,6081,403
"134","GO:0016459","GO:CC","myosin complex",0.00372288412857601,19,524,7,0.0133587786259542,0.368421052631579,6081,889
"135","GO:0031975","GO:CC","envelope",0.00372288412857601,107,524,20,0.0381679389312977,0.186915887850467,6081,1467
"136","GO:0031967","GO:CC","organelle envelope",0.00372288412857601,107,524,20,0.0381679389312977,0.186915887850467,6081,1460
"137","GO:0031966","GO:CC","mitochondrial membrane",0.00372288412857601,84,524,17,0.0324427480916031,0.202380952380952,6081,1459
"138","GO:0009063","GO:BP","cellular amino acid catabolic process",0.00388376177987306,21,562,8,0.0142348754448399,0.380952380952381,5977,3701
"139","GO:0046933","GO:MF","proton-transporting ATP synthase activity, rotational mechanism",0.00450023747490487,7,789,5,0.00633713561470215,0.714285714285714,7927,7411
"140","GO:0016702","GO:MF","oxidoreductase activity, acting on single donors with incorporation of molecular oxygen, incorporation of two atoms of oxygen",0.00450023747490487,14,789,7,0.00887198986058302,0.5,7927,3706
"141","GO:0051213","GO:MF","dioxygenase activity",0.00450023747490487,18,789,8,0.0101394169835234,0.444444444444444,7927,9191
"142","GO:0030170","GO:MF","pyridoxal phosphate binding",0.00483906409921217,38,789,12,0.0152091254752852,0.315789473684211,7927,4793
"143","GO:0070279","GO:MF","vitamin B6 binding",0.00483906409921217,38,789,12,0.0152091254752852,0.315789473684211,7927,9928
"144","GO:0019318","GO:BP","hexose metabolic process",0.00526333213744682,27,562,9,0.0160142348754448,0.333333333333333,5977,6614
"145","GO:0016701","GO:MF","oxidoreductase activity, acting on single donors with incorporation of molecular oxygen",0.00670994175019078,15,789,7,0.00887198986058302,0.466666666666667,7927,3705
"146","GO:0033179","GO:CC","proton-transporting V-type ATPase, V0 domain",0.00735754568222295,11,524,5,0.00954198473282443,0.454545454545455,6081,1647
"147","GO:0016798","GO:MF","hydrolase activity, acting on glycosyl bonds",0.00738519773389953,82,789,19,0.0240811153358682,0.231707317073171,7927,3795
"148","GO:0009141","GO:BP","nucleoside triphosphate metabolic process",0.00767584824991687,18,562,7,0.0124555160142349,0.388888888888889,5977,3775
"149","GO:0072350","GO:BP","tricarboxylic acid metabolic process",0.00793220870781719,3,562,3,0.00533807829181495,1,5977,20380
"150","GO:0009055","GO:MF","electron transfer activity",0.00818813507690027,35,789,11,0.0139416983523447,0.314285714285714,7927,2675
"151","GO:0015252","GO:MF","proton channel activity",0.00837675943404847,8,789,5,0.00633713561470215,0.625,7927,3082
"152","GO:1990904","GO:CC","ribonucleoprotein complex",0.00881683857463797,91,524,17,0.0324427480916031,0.186813186813187,6081,4447
"153","GO:0016998","GO:BP","cell wall macromolecule catabolic process",0.00890540756877274,6,562,4,0.00711743772241993,0.666666666666667,5977,5915
"154","GO:0044036","GO:BP","cell wall macromolecule metabolic process",0.00890540756877274,6,562,4,0.00711743772241993,0.666666666666667,5977,12683
"155","GO:0006026","GO:BP","aminoglycan catabolic process",0.00890540756877274,6,562,4,0.00711743772241993,0.666666666666667,5977,2086
"156","GO:0005996","GO:BP","monosaccharide metabolic process",0.00890540756877274,29,562,9,0.0160142348754448,0.310344827586207,5977,2058
"157","GO:0071554","GO:BP","cell wall organization or biogenesis",0.00890540756877274,6,562,4,0.00711743772241993,0.666666666666667,5977,19730
"158","GO:0098869","GO:BP","cellular oxidant detoxification",0.00890540756877274,29,562,9,0.0160142348754448,0.310344827586207,5977,22343
"159","GO:0061783","GO:MF","peptidoglycan muralytic activity",0.00935163999108705,12,789,6,0.00760456273764259,0.5,7927,9766
"160","GO:0003796","GO:MF","lysozyme activity",0.00935163999108705,12,789,6,0.00760456273764259,0.5,7927,493
"161","GO:0019843","GO:MF","rRNA binding",0.00935163999108705,12,789,6,0.00760456273764259,0.5,7927,4633
"162","GO:0006508","GO:BP","proteolysis",0.0109709947752745,907,562,111,0.197508896797153,0.122381477398015,5977,2517
"163","GO:0005694","GO:CC","chromosome",0.0109912802995442,93,524,17,0.0324427480916031,0.182795698924731,6081,363
"164","GO:0004553","GO:MF","hydrolase activity, hydrolyzing O-glycosyl compounds",0.0112371513101837,73,789,17,0.0215462610899873,0.232876712328767,7927,1153
"165","GO:0016684","GO:MF","oxidoreductase activity, acting on peroxide as acceptor",0.0119065248768506,17,789,7,0.00887198986058302,0.411764705882353,7927,3693
"166","GO:0016681","GO:MF","oxidoreductase activity, acting on diphenols and related substances as donors, cytochrome as acceptor",0.0119065248768506,3,789,3,0.00380228136882129,1,7927,3690
"167","GO:0016679","GO:MF","oxidoreductase activity, acting on diphenols and related substances as donors",0.0119065248768506,3,789,3,0.00380228136882129,1,7927,3688
"168","GO:0004365","GO:MF","glyceraldehyde-3-phosphate dehydrogenase (NAD+) (phosphorylating) activity",0.0119065248768506,3,789,3,0.00380228136882129,1,7927,995
"169","GO:0016769","GO:MF","transferase activity, transferring nitrogenous groups",0.0119065248768506,13,789,6,0.00760456273764259,0.461538461538462,7927,3770
"170","GO:0008483","GO:MF","transaminase activity",0.0119065248768506,13,789,6,0.00760456273764259,0.461538461538462,7927,2222
"171","GO:0102499","GO:MF","SHG alpha-glucan phosphorylase activity",0.0119065248768506,3,789,3,0.00380228136882129,1,7927,11023
"172","GO:0030246","GO:MF","carbohydrate binding",0.0119065248768506,49,789,13,0.0164765525982256,0.26530612244898,7927,4812
"173","GO:0043891","GO:MF","glyceraldehyde-3-phosphate dehydrogenase (NAD(P)+) (phosphorylating) activity",0.0119065248768506,3,789,3,0.00380228136882129,1,7927,7061
"174","GO:0008237","GO:MF","metallopeptidase activity",0.0119065248768506,496,789,71,0.0899873257287706,0.143145161290323,7927,2068
"175","GO:0102250","GO:MF","linear malto-oligosaccharide phosphorylase activity",0.0119065248768506,3,789,3,0.00380228136882129,1,7927,10787
"176","GO:0008184","GO:MF","glycogen phosphorylase activity",0.0119065248768506,3,789,3,0.00380228136882129,1,7927,2041
"177","GO:0008121","GO:MF","ubiquinol-cytochrome-c reductase activity",0.0119065248768506,3,789,3,0.00380228136882129,1,7927,1999
"178","GO:0006753","GO:BP","nucleoside phosphate metabolic process",0.012014250866782,165,562,28,0.0498220640569395,0.16969696969697,5977,2750
"179","GO:0046983","GO:MF","protein dimerization activity",0.0124478683787388,110,789,22,0.0278833967046895,0.2,7927,7435
"180","GO:0000287","GO:MF","magnesium ion binding",0.0127979588813843,45,789,12,0.0152091254752852,0.266666666666667,7927,71
"181","GO:0016835","GO:MF","carbon-oxygen lyase activity",0.0127979588813843,18,789,7,0.00887198986058302,0.388888888888889,7927,3829
"182","GO:0009117","GO:BP","nucleotide metabolic process",0.0156575989899702,160,562,27,0.0480427046263345,0.16875,5977,3753
"183","GO:0016209","GO:MF","antioxidant activity",0.0158999083530708,29,789,9,0.0114068441064639,0.310344827586207,7927,3478
"184","GO:0051082","GO:MF","unfolded protein binding",0.0158999083530708,29,789,9,0.0114068441064639,0.310344827586207,7927,9177
"185","GO:0016830","GO:MF","carbon-carbon lyase activity",0.0170375134084563,24,789,8,0.0101394169835234,0.333333333333333,7927,3824
"186","GO:0044282","GO:BP","small molecule catabolic process",0.0178382894014017,38,562,10,0.0177935943060498,0.263157894736842,5977,12818
"187","GO:1901605","GO:BP","alpha-amino acid metabolic process",0.0197551491090868,58,562,13,0.0231316725978648,0.224137931034483,5977,24897
"188","GO:0010467","GO:BP","gene expression",0.0198503769474279,914,562,110,0.195729537366548,0.12035010940919,5977,4689
"189","GO:0046395","GO:BP","carboxylic acid catabolic process",0.0211305513838904,27,562,8,0.0142348754448399,0.296296296296296,5977,14212
"190","GO:0016054","GO:BP","organic acid catabolic process",0.0211305513838904,27,562,8,0.0142348754448399,0.296296296296296,5977,5704
"191","GO:0016836","GO:MF","hydro-lyase activity",0.0226110297266864,15,789,6,0.00760456273764259,0.4,7927,3830
"192","GO:0016860","GO:MF","intramolecular oxidoreductase activity",0.0233685638000924,20,789,7,0.00887198986058302,0.35,7927,3854
"193","GO:0004601","GO:MF","peroxidase activity",0.0267637665351699,11,789,5,0.00633713561470215,0.454545454545455,7927,1196
"194","GO:0045263","GO:CC","proton-transporting ATP synthase complex, coupling factor F(o)",0.0274837646622039,5,524,3,0.00572519083969466,0.6,6081,2492
"195","GO:0004222","GO:MF","metalloendopeptidase activity",0.0275247517363946,432,789,61,0.0773130544993663,0.141203703703704,7927,882
"196","GO:0005874","GO:CC","microtubule",0.0278721757495321,47,524,10,0.0190839694656489,0.212765957446809,6081,522
"197","GO:0016853","GO:MF","isomerase activity",0.0279078722742742,83,789,17,0.0215462610899873,0.204819277108434,7927,3847
"198","GO:0016053","GO:BP","organic acid biosynthetic process",0.0297769830775073,54,562,12,0.0213523131672598,0.222222222222222,5977,5703
"199","GO:0019319","GO:BP","hexose biosynthetic process",0.0314753227622142,8,562,4,0.00711743772241993,0.5,5977,6615
"200","GO:0046364","GO:BP","monosaccharide biosynthetic process",0.0314753227622142,8,562,4,0.00711743772241993,0.5,5977,14183
"201","GO:0006094","GO:BP","gluconeogenesis",0.0314753227622142,8,562,4,0.00711743772241993,0.5,5977,2151
"202","GO:0005773","GO:CC","vacuole",0.033094238574885,21,524,6,0.0114503816793893,0.285714285714286,6081,434
"203","GO:0004645","GO:MF","1,4-alpha-oligoglucan phosphorylase activity",0.0338494401141036,4,789,3,0.00380228136882129,0.75,7927,1239
"204","GO:0016635","GO:MF","oxidoreductase activity, acting on the CH-CH group of donors, quinone or related compound as acceptor",0.0338494401141036,4,789,3,0.00380228136882129,0.75,7927,3647
"205","GO:0022627","GO:CC","cytosolic small ribosomal subunit",0.0341611452861579,2,524,2,0.00381679389312977,1,6081,1035
"206","GO:0016861","GO:MF","intramolecular oxidoreductase activity, interconverting aldoses and ketoses",0.0384576504241564,12,789,5,0.00633713561470215,0.416666666666667,7927,3855
"207","GO:0008233","GO:MF","peptidase activity",0.0431812956372342,778,789,99,0.125475285171103,0.127249357326478,7927,2064
"208","GO:0051287","GO:MF","NAD binding",0.0431812956372342,34,789,9,0.0114068441064639,0.264705882352941,7927,9199
"209","GO:0005882","GO:CC","intermediate filament",0.0461044387960671,6,524,3,0.00572519083969466,0.5,6081,528
"210","GO:0045111","GO:CC","intermediate filament cytoskeleton",0.0461044387960671,6,524,3,0.00572519083969466,0.5,6081,2456
"211","GO:0033180","GO:CC","proton-transporting V-type ATPase, V1 domain",0.0476394834858061,11,524,4,0.00763358778625954,0.363636363636364,6081,1648
