"","geneID"
"1","SPAL_0001065900"
"2","SPAL_0000115300"
"3","SPAL_0000936000"
"4","SPAL_0000049500"
"5","SPAL_0001133700"
"6","SPAL_0001662800"
"7","SPAL_0001051550"
"8","SPAL_0000406000"
"9","SPAL_0000878100"
"10","SPAL_0001049800"
"11","SPAL_0001418900"
"12","SPAL_0000405900"
"13","SPAL_0001302600"
"14","SPAL_0000207500"
"15","SPAL_0000504900"
"16","SPAL_0000834300"
"17","SPAL_0000596400"
"18","SPAL_0001392100"
"19","SPAL_0000366500"
"20","SPAL_0000602100"
"21","SPAL_0001087200"
"22","SPAL_0001609000"
"23","SPAL_0001343400"
"24","SPAL_0000363400"
"25","SPAL_0001683300"
"26","SPAL_0001236000"
"27","SPAL_0000966300"
"28","SPAL_0000673700"
"29","SPAL_0000773400"
"30","SPAL_0001444500"
"31","SPAL_0001209200"
"32","SPAL_0001503400"
"33","SPAL_0000751400"
"34","SPAL_0001662700"
"35","SPAL_0000163800"
"36","SPAL_0000673500"
"37","SPAL_0001017900"
"38","SPAL_0000657100"
"39","SPAL_0000883600"
"40","SPAL_0000907850"
"41","SPAL_0001080000"
"42","SPAL_0001467400"
"43","SPAL_0000268500"
"44","SPAL_0000783800"
"45","SPAL_0001710600"
"46","SPAL_0001087600"
"47","SPAL_0001555900"
"48","SPAL_0001049600"
"49","SPAL_0000941600"
"50","SPAL_0001296100"
"51","SPAL_0001132200"
"52","SPAL_0000377400"
"53","SPAL_0000471300"
"54","SPAL_0000829300"
"55","SPAL_0000992600"
"56","SPAL_0001132600"
"57","SPAL_0001053000"
"58","SPAL_0000434100"
"59","SPAL_0000398500"
"60","SPAL_0000903100"
"61","SPAL_0001651500"
"62","SPAL_0000110300"
"63","SPAL_0000492100"
"64","SPAL_0001306400"
"65","SPAL_0001378000"
"66","SPAL_0000415000"
"67","SPAL_0001577350"
"68","SPAL_0001107900"
"69","SPAL_0000056100"
"70","SPAL_0000330300"
"71","SPAL_0000639600"
"72","SPAL_0000406200"
"73","SPAL_0001329600"
"74","SPAL_0000225800"
"75","SPAL_0000654800"
"76","SPAL_0001211200"
"77","SPAL_0000219200"
"78","SPAL_0001779900"
"79","SPAL_0000061500"
"80","SPAL_0000970300"
"81","SPAL_0001277900"
"82","SPAL_0000228100"
"83","SPAL_0000647700"
"84","SPAL_0001436900"
"85","SPAL_0001067900"
"86","SPAL_0000878000"
"87","SPAL_0001590600"
"88","SPAL_0000240700"
"89","SPAL_0001418200"
"90","SPAL_0001715850"
"91","SPAL_0000156000"
"92","SPAL_0000126600"
"93","SPAL_0001470800"
"94","SPAL_0000534300"
"95","SPAL_0001588600"
"96","SPAL_0000270900"
"97","SPAL_0000114500"
"98","SPAL_0001514900"
"99","SPAL_0000772100"
"100","SPAL_0000172800"
"101","SPAL_0000194300"
"102","SPAL_0000729200"
"103","SPAL_0001210400"
"104","SPAL_0001744800"
"105","SPAL_0000821900"
"106","SPAL_0000647800"
"107","SPAL_0001056050"
"108","SPAL_0001370000"
"109","SPAL_0001662900"
"110","SPAL_0000240800"
"111","SPAL_0000374700"
"112","SPAL_0001457000"
"113","SPAL_0000155200"
"114","SPAL_0001432100"
"115","SPAL_0001517800"
"116","SPAL_0001563200"
"117","SPAL_0000200300"
"118","SPAL_0001343500"
"119","SPAL_0000887800"
"120","SPAL_0001496400"
"121","SPAL_0001767900"
"122","SPAL_0001044300"
"123","SPAL_0000050400"
"124","SPAL_0001630700"
"125","SPAL_0000098300"
"126","SPAL_0001076900"
"127","SPAL_0000219500"
"128","SPAL_0001715100"
"129","SPAL_0000186000"
"130","SPAL_0001554800"
"131","SPAL_0000335900"
"132","SPAL_0001272100"
"133","SPAL_0001596100"
"134","SPAL_0001698300"
"135","SPAL_0000218500"
"136","SPAL_0000427100"
"137","SPAL_0001380400"
"138","SPAL_0001487000"
"139","SPAL_0000960600"
"140","SPAL_0000314000"
"141","SPAL_0000397900"
"142","SPAL_0000379300"
"143","SPAL_0000743800"
"144","SPAL_0000016800"
"145","SPAL_0001349200"
"146","SPAL_0000431600"
"147","SPAL_0000316200"
"148","SPAL_0000995200"
"149","SPAL_0001385500"
"150","SPAL_0000759800"
"151","SPAL_0000147275"
"152","SPAL_0000343600"
"153","SPAL_0001417550"
"154","SPAL_0000756700"
"155","SPAL_0000451900"
"156","SPAL_0001205500"
"157","SPAL_0000693500"
"158","SPAL_0001484600"
"159","SPAL_0001068000"
"160","SPAL_0000750800"
"161","SPAL_0000047000"
"162","SPAL_0000372500"
"163","SPAL_0000993100"
"164","SPAL_0001554100"
"165","SPAL_0001697100"
"166","SPAL_0000343400"
"167","SPAL_0000442900"
"168","SPAL_0000924800"
"169","SPAL_0001004400"
"170","SPAL_0000630400"
"171","SPAL_0001771100"
"172","SPAL_0001331300"
"173","SPAL_0001373600"
"174","SPAL_0000673300"
"175","SPAL_0000822000"
"176","SPAL_0000751000"
"177","SPAL_0000099900"
"178","SPAL_0001204400"
"179","SPAL_0000835000"
"180","SPAL_0000192100"
"181","SPAL_0000969350"
"182","SPAL_0001620400"
"183","SPAL_0001220300"
"184","SPAL_0001432700"
"185","SPAL_0000477400"
"186","SPAL_0000491500"
"187","SPAL_0000912500"
"188","SPAL_0001335600"
"189","SPAL_0001309100"
"190","SPAL_0000969400"
"191","SPAL_0000548600"
"192","SPAL_0001407850"
"193","SPAL_0000239400"
"194","SPAL_0000702200"
"195","SPAL_0001003200"
"196","SPAL_0001351575"
"197","SPAL_0001737700"
"198","SPAL_0000807400"
"199","SPAL_0000710800"
"200","SPAL_0000170200"
"201","SPAL_0001268800"
"202","SPAL_0001480900"
"203","SPAL_0001741300"
"204","SPAL_0000414500"
"205","SPAL_0001715900"
"206","SPAL_0000457400"
"207","SPAL_0000585900"
"208","SPAL_0001279400"
"209","SPAL_0001600800"
"210","SPAL_0001578900"
"211","SPAL_0001407933"
"212","SPAL_0001515300"
"213","SPAL_0001662600"
"214","SPAL_0000614150"
"215","SPAL_0001648400"
"216","SPAL_0001329000"
"217","SPAL_0001561000"
"218","SPAL_0000771100"
"219","SPAL_0000099600"
"220","SPAL_0001328500"
"221","SPAL_0000030900"
"222","SPAL_0001736500"
"223","SPAL_0001415400"
"224","SPAL_0001261700"
"225","SPAL_0001344700"
"226","SPAL_0001302300"
"227","SPAL_0000406300"
"228","SPAL_0000557800"
"229","SPAL_0001024600"
"230","SPAL_0000817000"
"231","SPAL_0001155100"
"232","SPAL_0000534400"
"233","SPAL_0000825900"
"234","SPAL_0001182400"
"235","SPAL_0000610100"
"236","SPAL_0001270000"
"237","SPAL_0001412300"
"238","SPAL_0001005300"
"239","SPAL_0001613000"
"240","SPAL_0001415000"
"241","SPAL_0001376300"
"242","SPAL_0000303950"
"243","SPAL_0000437200"
"244","SPAL_0000809100"
"245","SPAL_0000700300"
"246","SPAL_0001194700"
"247","SPAL_0000079000"
"248","SPAL_0000432500"
"249","SPAL_0000799575"
"250","SPAL_0001009200"
"251","SPAL_0000545900"
"252","SPAL_0000630800"
"253","SPAL_0000553700"
"254","SPAL_0000370600"
"255","SPAL_0001400800"
"256","SPAL_0001341600"
"257","SPAL_0001023000"
"258","SPAL_0001158500"
"259","SPAL_0001695900"
"260","SPAL_0000373900"
"261","SPAL_0001075500"
"262","SPAL_0000735200"
"263","SPAL_0000594466"
"264","SPAL_0001694300"
"265","SPAL_0000584300"
"266","SPAL_0001531400"
"267","SPAL_0001429700"
"268","SPAL_0001185125"
"269","SPAL_0000687700"
"270","SPAL_0000800300"
"271","SPAL_0001468050"
"272","SPAL_0001108200"
"273","SPAL_0000785000"
"274","SPAL_0000060400"
"275","SPAL_0001618700"
"276","SPAL_0000156300"
"277","SPAL_0000171000"
"278","SPAL_0000636000"
"279","SPAL_0001358700"
"280","SPAL_0000724500"
"281","SPAL_0001344400"
"282","SPAL_0000840300"
"283","SPAL_0000548000"
"284","SPAL_0000597400"
"285","SPAL_0001445300"
"286","SPAL_0000322700"
"287","SPAL_0000294400"
"288","SPAL_0000089700"
"289","SPAL_0001303600"
"290","SPAL_0000055800"
"291","SPAL_0000435000"
"292","SPAL_0000677500"
"293","SPAL_0001644900"
"294","SPAL_0000474100"
"295","SPAL_0001649600"
"296","SPAL_0000970400"
"297","SPAL_0001657200"
"298","SPAL_0001252500"
"299","SPAL_0001184100"
"300","SPAL_0001587200"
"301","SPAL_0000678400"
"302","SPAL_0001193300"
"303","SPAL_0000885800"
"304","SPAL_0000279700"
"305","SPAL_0000248100"
"306","SPAL_0000379400"
"307","SPAL_0000377300"
"308","SPAL_0000346400"
"309","SPAL_0000618200"
"310","SPAL_0000530700"
"311","SPAL_0000570100"
"312","SPAL_0001625700"
"313","SPAL_0000518900"
"314","SPAL_0001310200"
"315","SPAL_0001241300"
"316","SPAL_0001072700"
"317","SPAL_0000457100"
"318","SPAL_0000927700"
"319","SPAL_0000468400"
"320","SPAL_0000342700"
"321","SPAL_0000036100"
"322","SPAL_0000336000"
"323","SPAL_0000630900"
"324","SPAL_0000876400"
"325","SPAL_0000615800"
"326","SPAL_0000672600"
"327","SPAL_0001638900"
"328","SPAL_0000052100"
"329","SPAL_0000866800"
"330","SPAL_0001538000"
"331","SPAL_0000230600"
"332","SPAL_0001754300"
"333","SPAL_0001147400"
"334","SPAL_0001032400"
"335","SPAL_0001203250"
"336","SPAL_0000772750"
"337","SPAL_0000666700"
"338","SPAL_0001565000"
"339","SPAL_0000207400"
"340","SPAL_0000071100"
"341","SPAL_0000622600"
"342","SPAL_0000800200"
"343","SPAL_0000694800"
"344","SPAL_0000863800"
"345","SPAL_0000283900"
"346","SPAL_0000418200"
"347","SPAL_0001219900"
"348","SPAL_0001664700"
"349","SPAL_0000779800"
"350","SPAL_0001640100"
"351","SPAL_0000631400"
"352","SPAL_0001251750"
"353","SPAL_0000331100"
"354","SPAL_0000641900"
"355","SPAL_0000570900"
"356","SPAL_0001234100"
"357","SPAL_0001242500"
"358","SPAL_0000467800"
"359","SPAL_0001402800"
"360","SPAL_0001266400"
"361","SPAL_0001720400"
"362","SPAL_0000949700"
"363","SPAL_0000266800"
"364","SPAL_0000403500"
"365","SPAL_0000707900"
"366","SPAL_0001438900"
"367","SPAL_0000200100"
"368","SPAL_0000683000"
"369","SPAL_0000486000"
"370","SPAL_0001165100"
"371","SPAL_0001108100"
"372","SPAL_0001237100"
"373","SPAL_0000985500"
"374","SPAL_0000605200"
"375","SPAL_0000325700"
"376","SPAL_0000819800"
"377","SPAL_0000424500"
"378","SPAL_0001696400"
"379","SPAL_0001732600"
"380","SPAL_0001149400"
"381","SPAL_0001498200"
"382","SPAL_0001342200"
"383","SPAL_0000593700"
"384","SPAL_0000639400"
"385","SPAL_0000720000"
"386","SPAL_0001779700"
"387","SPAL_0000366700"
"388","SPAL_0001443200"
"389","SPAL_0000605500"
"390","SPAL_0001773600"
"391","SPAL_0001690450"
"392","SPAL_0000296700"
"393","SPAL_0000259800"
"394","SPAL_0001528000"
"395","SPAL_0001410800"
"396","SPAL_0000864500"
"397","SPAL_0000655400"
"398","SPAL_0001523900"
"399","SPAL_0001546300"
"400","SPAL_0000456400"
"401","SPAL_0000645200"
"402","SPAL_0000406400"
"403","SPAL_0001714400"
"404","SPAL_0000791700"
"405","SPAL_0001508400"
"406","SPAL_0000750500"
"407","SPAL_0001266600"
"408","SPAL_0001421600"
"409","SPAL_0000462500"
"410","SPAL_0000603375"
"411","SPAL_0000913000"
"412","SPAL_0000103500"
"413","SPAL_0001392500"
"414","SPAL_0001753500"
"415","SPAL_0001475800"
"416","SPAL_0000802900"
"417","SPAL_0001150000"
"418","SPAL_0000266000"
"419","SPAL_0000482200"
"420","SPAL_0001266900"
"421","SPAL_0000544900"
"422","SPAL_0001757300"
"423","SPAL_0000193900"
"424","SPAL_0000692700"
"425","SPAL_0000647400"
"426","SPAL_0001158200"
"427","SPAL_0001308100"
"428","SPAL_0001552200"
"429","SPAL_0001745200"
"430","SPAL_0000101400"
"431","SPAL_0000024200"
"432","SPAL_0001297900"
"433","SPAL_0001323300"
"434","SPAL_0001678100"
"435","SPAL_0001647900"
"436","SPAL_0000377100"
"437","SPAL_0001668900"
"438","SPAL_0000943300"
"439","SPAL_0000461800"
"440","SPAL_0000888000"
"441","SPAL_0000860400"
"442","SPAL_0001527800"
"443","SPAL_0000874300"
"444","SPAL_0000949800"
"445","SPAL_0001709300"
"446","SPAL_0001078200"
"447","SPAL_0000282400"
"448","SPAL_0000420700"
"449","SPAL_0001516000"
"450","SPAL_0000385400"
"451","SPAL_0000897600"
"452","SPAL_0000792400"
"453","SPAL_0000222600"
"454","SPAL_0000157300"
"455","SPAL_0001006100"
"456","SPAL_0001591400"
"457","SPAL_0000671800"
"458","SPAL_0001083400"
"459","SPAL_0000895500"
"460","SPAL_0000668000"
"461","SPAL_0000246300"
"462","SPAL_0000294600"
"463","SPAL_0000727200"
"464","SPAL_0001542500"
"465","SPAL_0001774900"
"466","SPAL_0000600000"
"467","SPAL_0000453200"
"468","SPAL_0000475100"
"469","SPAL_0001053900"
"470","SPAL_0001260400"
"471","SPAL_0000792000"
"472","SPAL_0000371000"
"473","SPAL_0001462300"
"474","SPAL_0001105800"
"475","SPAL_0001046000"
"476","SPAL_0001076600"
"477","SPAL_0000067200"
"478","SPAL_0000568800"
"479","SPAL_0000672200"
"480","SPAL_0000075200"
"481","SPAL_0001074500"
"482","SPAL_0000220100"
"483","SPAL_0000120800"
"484","SPAL_0000210100"
"485","SPAL_0001387000"
"486","SPAL_0000941400"
"487","SPAL_0001255200"
"488","SPAL_0000563100"
"489","SPAL_0001131000"
"490","SPAL_0001741400"
"491","SPAL_0001053400"
"492","SPAL_0001338800"
"493","SPAL_0000326600"
"494","SPAL_0000998200"
"495","SPAL_0000963500"
"496","SPAL_0000834900"
"497","SPAL_0001464600"
"498","SPAL_0000703100"
"499","SPAL_0000025000"
"500","SPAL_0000635400"
"501","SPAL_0000439600"
"502","SPAL_0000072200"
"503","SPAL_0000423300"
"504","SPAL_0001306900"
"505","SPAL_0000658800"
"506","SPAL_0000069800"
"507","SPAL_0000062500"
"508","SPAL_0000506800"
"509","SPAL_0001587400"
"510","SPAL_0001537068"
"511","SPAL_0001514600"
"512","SPAL_0000207200"
"513","SPAL_0001005900"
"514","SPAL_0000085200"
"515","SPAL_0001257100"
"516","SPAL_0000062000"
"517","SPAL_0001505400"
"518","SPAL_0000118900"
"519","SPAL_0000793600"
"520","SPAL_0000161650"
"521","SPAL_0000220600"
"522","SPAL_0001471800"
"523","SPAL_0000428950"
"524","SPAL_0000415700"
"525","SPAL_0001095700"
"526","SPAL_0001281800"
"527","SPAL_0000309100"
"528","SPAL_0000351600"
"529","SPAL_0001446000"
"530","SPAL_0001288700"
"531","SPAL_0000617650"
"532","SPAL_0000745600"
"533","SPAL_0001259800"
"534","SPAL_0000532700"
"535","SPAL_0001185100"
"536","SPAL_0001060400"
"537","SPAL_0001393200"
"538","SPAL_0000339200"
"539","SPAL_0000317800"
"540","SPAL_0000495800"
"541","SPAL_0000947800"
"542","SPAL_0000860800"
"543","SPAL_0000643800"
"544","SPAL_0000342300"
"545","SPAL_0000134100"
"546","SPAL_0001739750"
"547","SPAL_0001202700"
"548","SPAL_0001435850"
"549","SPAL_0000678100"
"550","SPAL_0001625000"
"551","SPAL_0001495500"
"552","SPAL_0001773900"
"553","SPAL_0001310000"
"554","SPAL_0000061900"
"555","SPAL_0001290900"
"556","SPAL_0000709300"
"557","SPAL_0000458400"
"558","SPAL_0000424800"
"559","SPAL_0001034300"
"560","SPAL_0000973600"
"561","SPAL_0001114600"
"562","SPAL_0001032600"
"563","SPAL_0001547900"
"564","SPAL_0000470900"
"565","SPAL_0001677400"
"566","SPAL_0000291000"
"567","SPAL_0001663900"
"568","SPAL_0000919800"
"569","SPAL_0000265100"
"570","SPAL_0001033500"
"571","SPAL_0001512000"
"572","SPAL_0001161700"
"573","SPAL_0000173700"
"574","SPAL_0001736000"
"575","SPAL_0000706900"
"576","SPAL_0000175100"
"577","SPAL_0001743000"
"578","SPAL_0000980100"
"579","SPAL_0000755200"
"580","SPAL_0001182900"
"581","SPAL_0000283000"
"582","SPAL_0000761200"
"583","SPAL_0000428100"
"584","SPAL_0001370100"
"585","SPAL_0000386500"
"586","SPAL_0001713400"
"587","SPAL_0001693000"
"588","SPAL_0000353400"
"589","SPAL_0000812300"
"590","SPAL_0001581200"
"591","SPAL_0001208500"
"592","SPAL_0000328500"
"593","SPAL_0000222800"
"594","SPAL_0001681700"
"595","SPAL_0001042200"
"596","SPAL_0000488650"
"597","SPAL_0001169400"
"598","SPAL_0001447200"
"599","SPAL_0000897900"
"600","SPAL_0000277400"
"601","SPAL_0000874600"
"602","SPAL_0001614000"
"603","SPAL_0000748400"
"604","SPAL_0000138600"
"605","SPAL_0000159300"
"606","SPAL_0001216600"
"607","SPAL_0001120500"
"608","SPAL_0000271100"
"609","SPAL_0000730900"
"610","SPAL_0001444400"
"611","SPAL_0000757700"
"612","SPAL_0000924300"
"613","SPAL_0000113900"
"614","SPAL_0001338100"
"615","SPAL_0000311100"
"616","SPAL_0001636600"
"617","SPAL_0000605100"
"618","SPAL_0000540700"
"619","SPAL_0001184400"
"620","SPAL_0000796100"
"621","SPAL_0001762100"
"622","SPAL_0000595700"
"623","SPAL_0001389300"
"624","SPAL_0000379000"
"625","SPAL_0000218200"
"626","SPAL_0001111700"
"627","SPAL_0001284700"
"628","SPAL_0001575100"
"629","SPAL_0000939500"
"630","SPAL_0000760700"
"631","SPAL_0000529400"
"632","SPAL_0000398000"
"633","SPAL_0001012700"
"634","SPAL_0000172700"
"635","SPAL_0001515900"
"636","SPAL_0001532000"
"637","SPAL_0000991500"
"638","SPAL_0000044700"
"639","SPAL_0001694900"
"640","SPAL_0000601200"
"641","SPAL_0000053900"
"642","SPAL_0000082700"
"643","SPAL_0001178000"
"644","SPAL_0000207800"
"645","SPAL_0001715400"
"646","SPAL_0001255425"
"647","SPAL_0000306800"
"648","SPAL_0000358200"
"649","SPAL_0000802800"
"650","SPAL_0000897800"
"651","SPAL_0000490000"
"652","SPAL_0001343900"
"653","SPAL_0000235700"
"654","SPAL_0001297700"
"655","SPAL_0001391500"
"656","SPAL_0001097850"
"657","SPAL_0001054500"
"658","SPAL_0001344900"
"659","SPAL_0001586500"
"660","SPAL_0000094900"
"661","SPAL_0000271500"
"662","SPAL_0001182700"
"663","SPAL_0000433300"
"664","SPAL_0000569300"
"665","SPAL_0001536700"
"666","SPAL_0000086300"
"667","SPAL_0000284000"
"668","SPAL_0001324600"
"669","SPAL_0000038500"
"670","SPAL_0001344200"
"671","SPAL_0000520200"
"672","SPAL_0000658400"
"673","SPAL_0000883400"
"674","SPAL_0000144500"
"675","SPAL_0000482600"
"676","SPAL_0000873950"
"677","SPAL_0000504400"
"678","SPAL_0000060600"
"679","SPAL_0000834400"
"680","SPAL_0000865900"
"681","SPAL_0001321000"
"682","SPAL_0000166300"
"683","SPAL_0000226500"
"684","SPAL_0001698600"
"685","SPAL_0000686900"
"686","SPAL_0000404700"
"687","SPAL_0000157500"
"688","SPAL_0000179900"
"689","SPAL_0000888900"
"690","SPAL_0000875300"
"691","SPAL_0001413300"
"692","SPAL_0001105000"
"693","SPAL_0000850200"
"694","SPAL_0001241100"
"695","SPAL_0001235000"
"696","SPAL_0000317700"
"697","SPAL_0001291400"
"698","SPAL_0000897700"
"699","SPAL_0001316500"
"700","SPAL_0001476500"
"701","SPAL_0001364500"
"702","SPAL_0000257300"
"703","SPAL_0001280900"
"704","SPAL_0001731600"
"705","SPAL_0001054400"
"706","SPAL_0000223200"
"707","SPAL_0001006200"
"708","SPAL_0000999400"
"709","SPAL_0000849600"
"710","SPAL_0001565900"
"711","SPAL_0000430200"
"712","SPAL_0000304000"
"713","SPAL_0000945400"
"714","SPAL_0001289500"
"715","SPAL_0001337300"
"716","SPAL_0000996600"
"717","SPAL_0000113500"
"718","SPAL_0001045800"
"719","SPAL_0001460600"
"720","SPAL_0001600900"
"721","SPAL_0000129200"
"722","SPAL_0001575900"
"723","SPAL_0001462000"
"724","SPAL_0001145000"
"725","SPAL_0000332775"
"726","SPAL_0001105700"
"727","SPAL_0000112300"
"728","SPAL_0000853800"
"729","SPAL_0001661800"
"730","SPAL_0000412700"
"731","SPAL_0000291200"
"732","SPAL_0001269900"
"733","SPAL_0001108000"
"734","SPAL_0000269100"
"735","SPAL_0000008200"
"736","SPAL_0001753600"
"737","SPAL_0000212900"
"738","SPAL_0000671700"
"739","SPAL_0000460900"
"740","SPAL_0001737100"
"741","SPAL_0001426600"
"742","SPAL_0000600800"
"743","SPAL_0000431075"
"744","SPAL_0000980500"
"745","SPAL_0000830975"
"746","SPAL_0001190900"
"747","SPAL_0000997800"
"748","SPAL_0001609300"
"749","SPAL_0001667700"
"750","SPAL_0000884000"
"751","SPAL_0000965500"
"752","SPAL_0000000900"
"753","SPAL_0000015200"
"754","SPAL_0001665900"
"755","SPAL_0001136500"
"756","SPAL_0000846100"
"757","SPAL_0001772300"
"758","SPAL_0000884800"
"759","SPAL_0000057100"
"760","SPAL_0000518700"
"761","SPAL_0000154400"
"762","SPAL_0000153000"
"763","SPAL_0000222500"
"764","SPAL_0001644800"
"765","SPAL_0000751300"
"766","SPAL_0000423600"
"767","SPAL_0001243500"
"768","SPAL_0001074100"
"769","SPAL_0000206000"
"770","SPAL_0001629900"
"771","SPAL_0001322000"
"772","SPAL_0001238000"
"773","SPAL_0000426400"
"774","SPAL_0001548500"
"775","SPAL_0000121400"
"776","SPAL_0000372750"
"777","SPAL_0001043500"
"778","SPAL_0000697000"
"779","SPAL_0001480500"
"780","SPAL_0001244950"
"781","SPAL_0001304900"
"782","SPAL_0001392200"
"783","SPAL_0000696500"
"784","SPAL_0000011200"
"785","SPAL_0000906150"
"786","SPAL_0001712500"
"787","SPAL_0001619500"
"788","SPAL_0000766800"
"789","SPAL_0001381900"
"790","SPAL_0001149500"
"791","SPAL_0000705000"
"792","SPAL_0000442100"
"793","SPAL_0000398600"
"794","SPAL_0001336400"
"795","SPAL_0000215000"
"796","SPAL_0001024300"
"797","SPAL_0001100200"
"798","SPAL_0000292900"
"799","SPAL_0000242400"
"800","SPAL_0001244000"
"801","SPAL_0000049600"
"802","SPAL_0000071600"
"803","SPAL_0001605500"
"804","SPAL_0001273400"
"805","SPAL_0001565300"
"806","SPAL_0000099500"
"807","SPAL_0001590700"
"808","SPAL_0000941500"
"809","SPAL_0000829200"
"810","SPAL_0001119500"
"811","SPAL_0000098000"
"812","SPAL_0000593800"
"813","SPAL_0000752400"
"814","SPAL_0000593500"
"815","SPAL_0001638200"
"816","SPAL_0001341300"
"817","SPAL_0001613100"
"818","SPAL_0001555300"
"819","SPAL_0000701500"
"820","SPAL_0000624900"
"821","SPAL_0001370500"
"822","SPAL_0000464400"
"823","SPAL_0000075400"
"824","SPAL_0000383600"
"825","SPAL_0001438600"
"826","SPAL_0001047900"
"827","SPAL_0000645400"
"828","SPAL_0000443800"
"829","SPAL_0001634600"
"830","SPAL_0001179300"
"831","SPAL_0000322600"
"832","SPAL_0001047700"
"833","SPAL_0000492300"
"834","SPAL_0000072300"
"835","SPAL_0000341000"
"836","SPAL_0000030000"
"837","SPAL_0000924600"
"838","SPAL_0001249800"
"839","SPAL_0000404000"
"840","SPAL_0000386600"
"841","SPAL_0000774700"
"842","SPAL_0000050600"
"843","SPAL_0000830100"
"844","SPAL_0001512700"
"845","SPAL_0000238800"
"846","SPAL_0000443400"
"847","SPAL_0001098200"
"848","SPAL_0001359900"
"849","SPAL_0000429000"
"850","SPAL_0001756450"
"851","SPAL_0001342500"
"852","SPAL_0000767800"
"853","SPAL_0000480400"
"854","SPAL_0000943500"
"855","SPAL_0000307200"
"856","SPAL_0000711900"
"857","SPAL_0000002400"
"858","SPAL_0000592500"
"859","SPAL_0000892000"
"860","SPAL_0000594300"
"861","SPAL_0000316700"
"862","SPAL_0001738500"
"863","SPAL_0000399000"
"864","SPAL_0000022900"
"865","SPAL_0000394000"
"866","SPAL_0000992300"
"867","SPAL_0000504000"
"868","SPAL_0001090300"
"869","SPAL_0000038600"
"870","SPAL_0001578500"
"871","SPAL_0000913800"
"872","SPAL_0000407700"
"873","SPAL_0000452500"
"874","SPAL_0000459600"
"875","SPAL_0000878300"
"876","SPAL_0001267000"
"877","SPAL_0000938475"
"878","SPAL_0001409300"
"879","SPAL_0000188700"
"880","SPAL_0001081000"
"881","SPAL_0001481500"
"882","SPAL_0001155200"
"883","SPAL_0000192200"
"884","SPAL_0000202500"
"885","SPAL_0001289100"
"886","SPAL_0000560800"
"887","SPAL_0001596800"
"888","SPAL_0001619400"
"889","SPAL_0000743700"
"890","SPAL_0001506100"
"891","SPAL_0000099800"
"892","SPAL_0000354900"
"893","SPAL_0001410300"
"894","SPAL_0000140000"
"895","SPAL_0000393400"
"896","SPAL_0001402000"
"897","SPAL_0001453300"
"898","SPAL_0000672500"
"899","SPAL_0001234800"
"900","SPAL_0000076800"
"901","SPAL_0000116100"
"902","SPAL_0000458600"
"903","SPAL_0001755900"
"904","SPAL_0001372100"
"905","SPAL_0000933400"
"906","SPAL_0001161000"
"907","SPAL_0001187000"
"908","SPAL_0001443900"
"909","SPAL_0000212800"
"910","SPAL_0001129500"
"911","SPAL_0000840400"
"912","SPAL_0000798900"
"913","SPAL_0001551700"
"914","SPAL_0000470700"
"915","SPAL_0001573300"
"916","SPAL_0000004800"
"917","SPAL_0000122200"
"918","SPAL_0000360100"
"919","SPAL_0000623000"
"920","SPAL_0000008100"
"921","SPAL_0000930800"
"922","SPAL_0000577400"
"923","SPAL_0000262800"
"924","SPAL_0000989500"
"925","SPAL_0000804200"
"926","SPAL_0000094000"
"927","SPAL_0000610400"
"928","SPAL_0000344700"
"929","SPAL_0001044800"
"930","SPAL_0001075700"
"931","SPAL_0001747400"
"932","SPAL_0000757100"
"933","SPAL_0001758375"
"934","SPAL_0000163900"
"935","SPAL_0000137800"
"936","SPAL_0000247800"
"937","SPAL_0001190500"
"938","SPAL_0001592900"
"939","SPAL_0001142700"
"940","SPAL_0001224200"
"941","SPAL_0000208600"
"942","SPAL_0001677700"
"943","SPAL_0000508900"
"944","SPAL_0000089600"
"945","SPAL_0000982000"
"946","SPAL_0000527200"
"947","SPAL_0001275900"
"948","SPAL_0001129400"
"949","SPAL_0000966100"
"950","SPAL_0001596900"
"951","SPAL_0000886100"
"952","SPAL_0001540500"
"953","SPAL_0001501900"
"954","SPAL_0000596000"
"955","SPAL_0001332200"
"956","SPAL_0000530900"
"957","SPAL_0001413900"
"958","SPAL_0000449500"
"959","SPAL_0000571800"
"960","SPAL_0000802050"
"961","SPAL_0001508700"
"962","SPAL_0000584800"
"963","SPAL_0000162400"
"964","SPAL_0001122100"
"965","SPAL_0001746700"
"966","SPAL_0000747900"
"967","SPAL_0001153300"
"968","SPAL_0000779700"
"969","SPAL_0000679900"
"970","SPAL_0001365700"
"971","SPAL_0001481400"
"972","SPAL_0001586400"
"973","SPAL_0000847600"
"974","SPAL_0001540300"
"975","SPAL_0000638000"
"976","SPAL_0000600400"
"977","SPAL_0000724100"
"978","SPAL_0001271700"
"979","SPAL_0001176800"
"980","SPAL_0001050300"
"981","SPAL_0001478300"
"982","SPAL_0000154500"
"983","SPAL_0001440900"
"984","SPAL_0001044500"
"985","SPAL_0001227475"
"986","SPAL_0001147200"
"987","SPAL_0000044900"
"988","SPAL_0001555200"
"989","SPAL_0000216900"
"990","SPAL_0001352900"
"991","SPAL_0001679200"
"992","SPAL_0000772000"
"993","SPAL_0001743200"
"994","SPAL_0001369300"
"995","SPAL_0001359800"
"996","SPAL_0001730500"
"997","SPAL_0001028300"
"998","SPAL_0001227900"
"999","SPAL_0001651700"
"1000","SPAL_0001338200"
"1001","SPAL_0001400600"
"1002","SPAL_0001374200"
"1003","SPAL_0001216300"
"1004","SPAL_0001551900"
"1005","SPAL_0000230100"
"1006","SPAL_0000745700"
"1007","SPAL_0000337100"
"1008","SPAL_0000768100"
"1009","SPAL_0000800100"
"1010","SPAL_0001261250"
"1011","SPAL_0001733100"
"1012","SPAL_0001531300"
"1013","SPAL_0001329500"
"1014","SPAL_0001467800"
"1015","SPAL_0001132700"
"1016","SPAL_0001452100"
"1017","SPAL_0001779000"
"1018","SPAL_0001061000"
"1019","SPAL_0001435700"
"1020","SPAL_0000808600"
"1021","SPAL_0001611300"
"1022","SPAL_0000527700"
"1023","SPAL_0000053700"
"1024","SPAL_0001042100"
"1025","SPAL_0000751200"
"1026","SPAL_0001337200"
"1027","SPAL_0001421900"
"1028","SPAL_0000834800"
"1029","SPAL_0000681000"
"1030","SPAL_0001021550"
"1031","SPAL_0000673000"
"1032","SPAL_0000879900"
"1033","SPAL_0001320100"
"1034","SPAL_0000189500"
"1035","SPAL_0001665300"
"1036","SPAL_0001134300"
"1037","SPAL_0000963700"
"1038","SPAL_0001495700"
"1039","SPAL_0000217700"
"1040","SPAL_0000420600"
"1041","SPAL_0000679600"
"1042","SPAL_0001168900"
"1043","SPAL_0001052300"
"1044","SPAL_0000027100"
"1045","SPAL_0000433600"
"1046","SPAL_0001661400"
"1047","SPAL_0001191100"
"1048","SPAL_0001670400"
"1049","SPAL_0000153100"
"1050","SPAL_0000801600"
"1051","SPAL_0001255300"
"1052","SPAL_0001437100"
"1053","SPAL_0000096600"
"1054","SPAL_0000819700"
"1055","SPAL_0000330700"
"1056","SPAL_0001733900"
"1057","SPAL_0001730600"
"1058","SPAL_0001567800"
"1059","SPAL_0000287300"
"1060","SPAL_0000003800"
"1061","SPAL_0001770600"
"1062","SPAL_0000285800"
"1063","SPAL_0000957000"
"1064","SPAL_0001512350"
"1065","SPAL_0000404400"
"1066","SPAL_0001370900"
"1067","SPAL_0001360500"
"1068","SPAL_0000437300"
"1069","SPAL_0001734500"
"1070","SPAL_0000489400"
"1071","SPAL_0001243200"
"1072","SPAL_0001414533"
"1073","SPAL_0001165900"
"1074","SPAL_0000179600"
"1075","SPAL_0000678300"
"1076","SPAL_0000641300"
"1077","SPAL_0000191300"
"1078","SPAL_0001377200"
"1079","SPAL_0001710700"
"1080","SPAL_0000869200"
"1081","SPAL_0000794300"
"1082","SPAL_0001321700"
"1083","SPAL_0000007900"
"1084","SPAL_0001218800"
"1085","SPAL_0001012800"
"1086","SPAL_0000097100"
"1087","SPAL_0000517100"
"1088","SPAL_0001151500"
"1089","SPAL_0000273100"
"1090","SPAL_0000332800"
"1091","SPAL_0001029200"
"1092","SPAL_0000359100"
"1093","SPAL_0000948075"
"1094","SPAL_0000248200"
"1095","SPAL_0001488300"
"1096","SPAL_0000546800"
"1097","SPAL_0000922400"
"1098","SPAL_0000323350"
"1099","SPAL_0001043600"
"1100","SPAL_0001727700"
"1101","SPAL_0000671300"
"1102","SPAL_0001701300"
"1103","SPAL_0001020400"
"1104","SPAL_0000483750"
"1105","SPAL_0001037000"
"1106","SPAL_0001142100"
"1107","SPAL_0000229100"
"1108","SPAL_0001041600"
"1109","SPAL_0000424400"
"1110","SPAL_0000550500"
"1111","SPAL_0001511200"
"1112","SPAL_0000763250"
"1113","SPAL_0001074400"
"1114","SPAL_0001486600"
"1115","SPAL_0000259400"
"1116","SPAL_0001464500"
"1117","SPAL_0000122800"
"1118","SPAL_0001096500"
"1119","SPAL_0000353300"
"1120","SPAL_0000960700"
"1121","SPAL_0001483100"
"1122","SPAL_0001367200"
"1123","SPAL_0000600300"
"1124","SPAL_0001004000"
"1125","SPAL_0000761500"
"1126","SPAL_0000553100"
"1127","SPAL_0001231900"
"1128","SPAL_0001743100"
"1129","SPAL_0001364300"
"1130","SPAL_0000720100"
"1131","SPAL_0000752700"
"1132","SPAL_0001406700"
"1133","SPAL_0001757700"
"1134","SPAL_0000605000"
"1135","SPAL_0001485100"
"1136","SPAL_0000933100"
"1137","SPAL_0001563100"
"1138","SPAL_0000722100"
"1139","SPAL_0000147300"
"1140","SPAL_0000379500"
"1141","SPAL_0001342100"
"1142","SPAL_0001241200"
"1143","SPAL_0000201000"
"1144","SPAL_0000003700"
"1145","SPAL_0000991600"
"1146","SPAL_0000222400"
"1147","SPAL_0001278000"
"1148","SPAL_0000056800"
"1149","SPAL_0000218700"
"1150","SPAL_0001267400"
"1151","SPAL_0001216800"
"1152","SPAL_0000984100"
"1153","SPAL_0000159400"
"1154","SPAL_0001323500"
"1155","SPAL_0000281700"
"1156","SPAL_0000930000"
"1157","SPAL_0000392800"
"1158","SPAL_0000619400"
"1159","SPAL_0001558900"
"1160","SPAL_0000821700"
"1161","SPAL_0000988400"
"1162","SPAL_0001122200"
"1163","SPAL_0000324400"
"1164","SPAL_0001408100"
"1165","SPAL_0000387700"
"1166","SPAL_0000083500"
"1167","SPAL_0001267200"
"1168","SPAL_0000229200"
"1169","SPAL_0000713900"
"1170","SPAL_0000594400"
"1171","SPAL_0000035800"
"1172","SPAL_0000781800"
"1173","SPAL_0001458900"
"1174","SPAL_0001091400"
"1175","SPAL_0001411100"
"1176","SPAL_0001022500"
"1177","SPAL_0000259500"
"1178","SPAL_0000972800"
"1179","SPAL_0001143400"
"1180","SPAL_0000523400"
"1181","SPAL_0001166800"
"1182","SPAL_0001263100"
"1183","SPAL_0000046100"
"1184","SPAL_0000933500"
"1185","SPAL_0000415100"
"1186","SPAL_0000443500"
"1187","SPAL_0000274300"
"1188","SPAL_0001512200"
"1189","SPAL_0001472800"
"1190","SPAL_0001217700"
"1191","SPAL_0001408400"
"1192","SPAL_0000596700"
"1193","SPAL_0000512200"
"1194","SPAL_0001412100"
"1195","SPAL_0000460100"
"1196","SPAL_0001248600"
"1197","SPAL_0000493300"
"1198","SPAL_0001589500"
"1199","SPAL_0000857000"
"1200","SPAL_0001405900"
"1201","SPAL_0001131600"
"1202","SPAL_0001401500"
"1203","SPAL_0000896300"
"1204","SPAL_0000516600"
"1205","SPAL_0001072300"
"1206","SPAL_0001369700"
"1207","SPAL_0000533600"
"1208","SPAL_0001538400"
"1209","SPAL_0000100200"
"1210","SPAL_0000391700"
"1211","SPAL_0000082200"
"1212","SPAL_0000382800"
"1213","SPAL_0000279800"
"1214","SPAL_0000205500"
"1215","SPAL_0001034700"
"1216","SPAL_0001356100"
"1217","SPAL_0000548200"
"1218","SPAL_0001551100"
"1219","SPAL_0000002500"
"1220","SPAL_0001022700"
"1221","SPAL_0001478400"
"1222","SPAL_0001207600"
"1223","SPAL_0000732500"
"1224","SPAL_0000112900"
"1225","SPAL_0001246900"
"1226","SPAL_0000884900"
"1227","SPAL_0001160500"
"1228","SPAL_0001525100"
"1229","SPAL_0000875100"
"1230","SPAL_0000223500"
"1231","SPAL_0001377600"
"1232","SPAL_0001690900"
"1233","SPAL_0001683000"
"1234","SPAL_0000414400"
"1235","SPAL_0001657600"
"1236","SPAL_0001782100"
"1237","SPAL_0000111900"
"1238","SPAL_0000737000"
"1239","SPAL_0000762000"
"1240","SPAL_0001260300"
"1241","SPAL_0000046200"
"1242","SPAL_0000142200"
"1243","SPAL_0000640300"
"1244","SPAL_0001712400"
"1245","SPAL_0001488600"
"1246","SPAL_0000211700"
"1247","SPAL_0000626100"
"1248","SPAL_0001764800"
"1249","SPAL_0000267300"
"1250","SPAL_0000019300"
"1251","SPAL_0001601800"
"1252","SPAL_0001577900"
"1253","SPAL_0001578600"
"1254","SPAL_0000778800"
"1255","SPAL_0001555100"
"1256","SPAL_0000934425"
"1257","SPAL_0001460425"
"1258","SPAL_0000438200"
"1259","SPAL_0001573700"
"1260","SPAL_0000106900"
"1261","SPAL_0001524000"
"1262","SPAL_0000343000"
"1263","SPAL_0001641300"
"1264","SPAL_0001730700"
"1265","SPAL_0000366800"
"1266","SPAL_0001243400"
"1267","SPAL_0001277000"
"1268","SPAL_0000428000"
"1269","SPAL_0000293200"
"1270","SPAL_0000565200"
"1271","SPAL_0000914600"
"1272","SPAL_0001412900"
"1273","SPAL_0001010700"
"1274","SPAL_0000581600"
"1275","SPAL_0000021200"
"1276","SPAL_0001313600"
"1277","SPAL_0001407200"
"1278","SPAL_0000735300"
"1279","SPAL_0000906300"
"1280","SPAL_0001560900"
"1281","SPAL_0001221600"
"1282","SPAL_0000622900"
"1283","SPAL_0000664200"
"1284","SPAL_0000444200"
"1285","SPAL_0000832600"
"1286","SPAL_0001590200"
"1287","SPAL_0000473900"
"1288","SPAL_0000311000"
"1289","SPAL_0000922300"
"1290","SPAL_0001576750"
"1291","SPAL_0001539025"
"1292","SPAL_0000522000"
"1293","SPAL_0000022300"
"1294","SPAL_0001407400"
"1295","SPAL_0000508600"
"1296","SPAL_0000756000"
"1297","SPAL_0000392700"
"1298","SPAL_0000622400"
"1299","SPAL_0000717600"
"1300","SPAL_0000886300"
"1301","SPAL_0000680700"
"1302","SPAL_0000581400"
"1303","SPAL_0000526600"
"1304","SPAL_0001726300"
"1305","SPAL_0001078700"
"1306","SPAL_0000647500"
"1307","SPAL_0000952300"
"1308","SPAL_0001620000"
"1309","SPAL_0001247000"
"1310","SPAL_0000817200"
"1311","SPAL_0001235600"
"1312","SPAL_0000521700"
"1313","SPAL_0000169700"
"1314","SPAL_0000106200"
"1315","SPAL_0000082300"
"1316","SPAL_0001472600"
"1317","SPAL_0000243700"
"1318","SPAL_0000057700"
"1319","SPAL_0001576800"
"1320","SPAL_0000595400"
"1321","SPAL_0001470200"
"1322","SPAL_0000772300"
"1323","SPAL_0001181000"
"1324","SPAL_0001059600"
"1325","SPAL_0001741800"
"1326","SPAL_0000274500"
"1327","SPAL_0001361800"
"1328","SPAL_0001119300"
"1329","SPAL_0001539200"
"1330","SPAL_0000822800"
"1331","SPAL_0000305800"
"1332","SPAL_0000858800"
"1333","SPAL_0000641500"
"1334","SPAL_0000071900"
"1335","SPAL_0000487700"
"1336","SPAL_0001222300"
"1337","SPAL_0000604300"
"1338","SPAL_0000795800"
"1339","SPAL_0000364800"
"1340","SPAL_0000148100"
"1341","SPAL_0000967200"
"1342","SPAL_0001611600"
"1343","SPAL_0001089400"
"1344","SPAL_0001146700"
"1345","SPAL_0000284700"
"1346","SPAL_0001528100"
"1347","SPAL_0001735400"
"1348","SPAL_0001386200"
"1349","SPAL_0000215800"
"1350","SPAL_0000476600"
"1351","SPAL_0001121300"
"1352","SPAL_0001468400"
"1353","SPAL_0000735700"
"1354","SPAL_0001468250"
"1355","SPAL_0001654700"
"1356","SPAL_0000609200"
"1357","SPAL_0000668600"
"1358","SPAL_0001369800"
"1359","SPAL_0000531100"
"1360","SPAL_0000503200"
"1361","SPAL_0001292000"
"1362","SPAL_0000678800"
"1363","SPAL_0001322100"
"1364","SPAL_0001347000"
"1365","SPAL_0001060025"
"1366","SPAL_0000696900"
"1367","SPAL_0000150900"
"1368","SPAL_0000240100"
"1369","SPAL_0001739500"
"1370","SPAL_0001233700"
"1371","SPAL_0000463800"
"1372","SPAL_0001424700"
"1373","SPAL_0000002300"
"1374","SPAL_0001694000"
"1375","SPAL_0001563700"
"1376","SPAL_0000371500"
"1377","SPAL_0000161050"
"1378","SPAL_0000814575"
"1379","SPAL_0000911100"
"1380","SPAL_0001499600"
"1381","SPAL_0000741000"
"1382","SPAL_0001720300"
"1383","SPAL_0001056500"
"1384","SPAL_0000770100"
"1385","SPAL_0001130800"
"1386","SPAL_0001179825"
"1387","SPAL_0001027600"
"1388","SPAL_0000420300"
"1389","SPAL_0001190550"
"1390","SPAL_0000559000"
"1391","SPAL_0001301700"
"1392","SPAL_0000877800"
"1393","SPAL_0000662600"
"1394","SPAL_0000928900"
"1395","SPAL_0001589600"
"1396","SPAL_0001052900"
"1397","SPAL_0000736800"
"1398","SPAL_0001598100"
"1399","SPAL_0000151300"
"1400","SPAL_0000322300"
"1401","SPAL_0001242100"
"1402","SPAL_0001088200"
"1403","SPAL_0000083700"
"1404","SPAL_0000592700"
"1405","SPAL_0001756200"
"1406","SPAL_0001286000"
"1407","SPAL_0001568400"
"1408","SPAL_0000374600"
"1409","SPAL_0000153600"
"1410","SPAL_0001389400"
"1411","SPAL_0001018900"
"1412","SPAL_0000527600"
"1413","SPAL_0000013100"
"1414","SPAL_0001432800"
"1415","SPAL_0001458950"
"1416","SPAL_0000680400"
"1417","SPAL_0000703200"
"1418","SPAL_0000529500"
"1419","SPAL_0001583300"
"1420","SPAL_0001553100"
"1421","SPAL_0001068700"
"1422","SPAL_0000369100"
"1423","SPAL_0001489400"
"1424","SPAL_0000628700"
"1425","SPAL_0000160800"
"1426","SPAL_0000042500"
"1427","SPAL_0001027300"
"1428","SPAL_0001175300"
"1429","SPAL_0001529300"
"1430","SPAL_0001167200"
"1431","SPAL_0001693800"
"1432","SPAL_0000008000"
"1433","SPAL_0001016400"
"1434","SPAL_0001279300"
"1435","SPAL_0000901900"
"1436","SPAL_0000847100"
"1437","SPAL_0001327600"
"1438","SPAL_0000674500"
"1439","SPAL_0000820500"
"1440","SPAL_0000321800"
"1441","SPAL_0001278900"
"1442","SPAL_0001265100"
"1443","SPAL_0000702900"
"1444","SPAL_0000048200"
"1445","SPAL_0000829600"
"1446","SPAL_0000888700"
"1447","SPAL_0001730650"
"1448","SPAL_0000181200"
"1449","SPAL_0000981800"
"1450","SPAL_0000466700"
"1451","SPAL_0000593900"
"1452","SPAL_0001052700"
"1453","SPAL_0000777200"
"1454","SPAL_0000114800"
"1455","SPAL_0000169000"
"1456","SPAL_0000982100"
"1457","SPAL_0000423100"
"1458","SPAL_0001603400"
"1459","SPAL_0001768600"
"1460","SPAL_0000789500"
"1461","SPAL_0000222100"
"1462","SPAL_0000746600"
"1463","SPAL_0001131800"
"1464","SPAL_0001050700"
"1465","SPAL_0000769400"
"1466","SPAL_0000383800"
"1467","SPAL_0000715300"
"1468","SPAL_0000257700"
"1469","SPAL_0001480400"
"1470","SPAL_0000960075"
"1471","SPAL_0000238900"
"1472","SPAL_0000918200"
"1473","SPAL_0000895100"
"1474","SPAL_0001214300"
"1475","SPAL_0001128900"
"1476","SPAL_0000500100"
"1477","SPAL_0001252200"
"1478","SPAL_0000155800"
"1479","SPAL_0000324900"
"1480","SPAL_0000716000"
"1481","SPAL_0001412400"
"1482","SPAL_0000170100"
"1483","SPAL_0001032800"
"1484","SPAL_0001331900"
"1485","SPAL_0000760400"
"1486","SPAL_0001075600"
"1487","SPAL_0001299600"
"1488","SPAL_0000375300"
"1489","SPAL_0000402200"
"1490","SPAL_0001284300"
"1491","SPAL_0001593200"
"1492","SPAL_0000778400"
"1493","SPAL_0001321500"
"1494","SPAL_0001237200"
"1495","SPAL_0000186100"
"1496","SPAL_0000680800"
"1497","SPAL_0001537800"
"1498","SPAL_0000089200"
"1499","SPAL_0000067700"
"1500","SPAL_0001664800"
"1501","SPAL_0001303500"
"1502","SPAL_0001235200"
"1503","SPAL_0000123100"
"1504","SPAL_0000471600"
"1505","SPAL_0001616300"
"1506","SPAL_0001345200"
"1507","SPAL_0001538500"
"1508","SPAL_0001055300"
"1509","SPAL_0001508300"
"1510","SPAL_0000774000"
"1511","SPAL_0000638300"
"1512","SPAL_0000682900"
"1513","SPAL_0001409100"
"1514","SPAL_0000756400"
"1515","SPAL_0000406500"
"1516","SPAL_0001710300"
"1517","SPAL_0000180000"
"1518","SPAL_0001472500"
"1519","SPAL_0001158800"
"1520","SPAL_0001737600"
"1521","SPAL_0001086500"
"1522","SPAL_0001216500"
"1523","SPAL_0001198500"
"1524","SPAL_0000968500"
"1525","SPAL_0000284900"
"1526","SPAL_0000728300"
"1527","SPAL_0000386800"
"1528","SPAL_0001309900"
"1529","SPAL_0001296700"
"1530","SPAL_0000626600"
"1531","SPAL_0001240900"
"1532","SPAL_0000492900"
"1533","SPAL_0001779300"
"1534","SPAL_0000987500"
"1535","SPAL_0000036200"
"1536","SPAL_0000797500"
"1537","SPAL_0000313100"
"1538","SPAL_0000798500"
"1539","SPAL_0000211100"
"1540","SPAL_0000993600"
"1541","SPAL_0000930100"
"1542","SPAL_0001567600"
"1543","SPAL_0001382100"
"1544","SPAL_0000008800"
"1545","SPAL_0001074700"
"1546","SPAL_0000683600"
"1547","SPAL_0001331800"
"1548","SPAL_0001085400"
"1549","SPAL_0000114600"
"1550","SPAL_0000803800"
"1551","SPAL_0001095400"
"1552","SPAL_0000439700"
"1553","SPAL_0000917800"
"1554","SPAL_0001606100"
"1555","SPAL_0000630300"
"1556","SPAL_0001142133"
"1557","SPAL_0001283400"
"1558","SPAL_0000737900"
"1559","SPAL_0001446800"
"1560","SPAL_0000550400"
"1561","SPAL_0000123700"
"1562","SPAL_0000061200"
"1563","SPAL_0001545700"
"1564","SPAL_0001227400"
"1565","SPAL_0000818500"
"1566","SPAL_0000230800"
"1567","SPAL_0001126600"
"1568","SPAL_0000594600"
"1569","SPAL_0000804000"
"1570","SPAL_0000390000"
"1571","SPAL_0000017200"
"1572","SPAL_0000400300"
"1573","SPAL_0001625250"
"1574","SPAL_0000686100"
"1575","SPAL_0000961800"
"1576","SPAL_0000830500"
"1577","SPAL_0001575200"
"1578","SPAL_0000369300"
"1579","SPAL_0001387700"
"1580","SPAL_0001573500"
"1581","SPAL_0001695200"
"1582","SPAL_0001151700"
"1583","SPAL_0001580000"
"1584","SPAL_0000552600"
"1585","SPAL_0000215700"
"1586","SPAL_0001364400"
"1587","SPAL_0000780800"
"1588","SPAL_0000954800"
"1589","SPAL_0001642300"
"1590","SPAL_0000505500"
"1591","SPAL_0001533200"
"1592","SPAL_0000081400"
"1593","SPAL_0000355800"
"1594","SPAL_0001314700"
"1595","SPAL_0001342000"
"1596","SPAL_0000733600"
"1597","SPAL_0001202800"
"1598","SPAL_0000048800"
"1599","SPAL_0000906600"
"1600","SPAL_0001046100"
"1601","SPAL_0000316900"
"1602","SPAL_0000044800"
"1603","SPAL_0000784200"
"1604","SPAL_0001686500"
"1605","SPAL_0000671900"
"1606","SPAL_0001034100"
"1607","SPAL_0000123300"
"1608","SPAL_0001669000"
"1609","SPAL_0000466100"
"1610","SPAL_0000339800"
"1611","SPAL_0000771900"
"1612","SPAL_0000288200"
"1613","SPAL_0000625600"
"1614","SPAL_0000501300"
"1615","SPAL_0000965300"
"1616","SPAL_0001426000"
"1617","SPAL_0000183356"
"1618","SPAL_0001244600"
"1619","SPAL_0001227700"
"1620","SPAL_0000997700"
"1621","SPAL_0001213400"
"1622","SPAL_0000963800"
"1623","SPAL_0000711100"
"1624","SPAL_0001553000"
"1625","SPAL_0000848400"
"1626","SPAL_0001559300"
"1627","SPAL_0001363900"
"1628","SPAL_0001057300"
"1629","SPAL_0000651900"
"1630","SPAL_0001647800"
"1631","SPAL_0001732500"
"1632","SPAL_0001012200"
"1633","SPAL_0000429850"
"1634","SPAL_0001479600"
"1635","SPAL_0001742000"
"1636","SPAL_0001626600"
"1637","SPAL_0000239000"
"1638","SPAL_0000530100"
"1639","SPAL_0000130000"
"1640","SPAL_0001075000"
"1641","SPAL_0001311500"
"1642","SPAL_0001059900"
"1643","SPAL_0000885600"
"1644","SPAL_0001592800"
"1645","SPAL_0001142166"
"1646","SPAL_0000519300"
"1647","SPAL_0001155900"
"1648","SPAL_0000847400"
"1649","SPAL_0001654600"
"1650","SPAL_0000615500"
"1651","SPAL_0001411000"
"1652","SPAL_0001687200"
"1653","SPAL_0000655600"
"1654","SPAL_0000490400"
"1655","SPAL_0001246300"
"1656","SPAL_0000143200"
"1657","SPAL_0000189900"
"1658","SPAL_0001685800"
"1659","SPAL_0000074000"
"1660","SPAL_0001121200"
"1661","SPAL_0001166600"
"1662","SPAL_0001678500"
"1663","SPAL_0000862700"
"1664","SPAL_0001051900"
"1665","SPAL_0001444000"
"1666","SPAL_0001236700"
"1667","SPAL_0000376900"
"1668","SPAL_0000049000"
"1669","SPAL_0001635400"
"1670","SPAL_0001112700"
"1671","SPAL_0000523700"
"1672","SPAL_0001051800"
"1673","SPAL_0001165500"
"1674","SPAL_0000118000"
"1675","SPAL_0001517000"
"1676","SPAL_0001663000"
"1677","SPAL_0001553900"
"1678","SPAL_0001076500"
"1679","SPAL_0000733400"
"1680","SPAL_0001350900"
"1681","SPAL_0001381400"
"1682","SPAL_0001535900"
"1683","SPAL_0001648600"
"1684","SPAL_0000671200"
"1685","SPAL_0001360400"
"1686","SPAL_0001262800"
"1687","SPAL_0001227600"
"1688","SPAL_0001027000"
"1689","SPAL_0000120100"
"1690","SPAL_0001306700"
"1691","SPAL_0001002700"
"1692","SPAL_0000393000"
"1693","SPAL_0001757800"
"1694","SPAL_0001379600"
"1695","SPAL_0000003900"
"1696","SPAL_0001670900"
"1697","SPAL_0000583200"
"1698","SPAL_0000162500"
"1699","SPAL_0000946900"
"1700","SPAL_0001180000"
"1701","SPAL_0000691900"
"1702","SPAL_0001346500"
"1703","SPAL_0000708100"
"1704","SPAL_0001098400"
"1705","SPAL_0000203400"
"1706","SPAL_0001583000"
"1707","SPAL_0000472200"
"1708","SPAL_0001115200"
"1709","SPAL_0001762000"
"1710","SPAL_0000976400"
"1711","SPAL_0000786700"
"1712","SPAL_0001522800"
"1713","SPAL_0000509700"
"1714","SPAL_0001380200"
"1715","SPAL_0000471200"
"1716","SPAL_0001404600"
"1717","SPAL_0001566500"
"1718","SPAL_0000225900"
"1719","SPAL_0001131900"
"1720","SPAL_0001293700"
"1721","SPAL_0001648900"
"1722","SPAL_0000737200"
"1723","SPAL_0001747100"
"1724","SPAL_0001431200"
"1725","SPAL_0001067600"
"1726","SPAL_0001703600"
"1727","SPAL_0001049900"
"1728","SPAL_0001617300"
"1729","SPAL_0000369800"
"1730","SPAL_0001348400"
"1731","SPAL_0000224000"
"1732","SPAL_0001134000"
"1733","SPAL_0001163700"
"1734","SPAL_0000000100"
"1735","SPAL_0000002800"
"1736","SPAL_0000690500"
"1737","SPAL_0000271000"
"1738","SPAL_0001729700"
"1739","SPAL_0001716300"
"1740","SPAL_0001215400"
"1741","SPAL_0000720900"
"1742","SPAL_0001085000"
"1743","SPAL_0000516300"
"1744","SPAL_0001579700"
"1745","SPAL_0000609000"
"1746","SPAL_0000114900"
"1747","SPAL_0000954700"
"1748","SPAL_0000376600"
"1749","SPAL_0001246200"
"1750","SPAL_0000142000"
"1751","SPAL_0001520100"
"1752","SPAL_0001397200"
"1753","SPAL_0000258600"
"1754","SPAL_0001692500"
"1755","SPAL_0001468100"
"1756","SPAL_0000298200"
"1757","SPAL_0000712100"
"1758","SPAL_0000725100"
"1759","SPAL_0000752100"
"1760","SPAL_0001707800"
"1761","SPAL_0000685500"
"1762","SPAL_0000017100"
"1763","SPAL_0001696200"
"1764","SPAL_0001013600"
"1765","SPAL_0001160800"
"1766","SPAL_0000606700"
"1767","SPAL_0000412300"
"1768","SPAL_0001179800"
"1769","SPAL_0000304800"
"1770","SPAL_0000274200"
"1771","SPAL_0001342600"
"1772","SPAL_0000956200"
"1773","SPAL_0000828400"
"1774","SPAL_0001249600"
"1775","SPAL_0001612125"
"1776","SPAL_0001079900"
"1777","SPAL_0000886200"
"1778","SPAL_0001422500"
"1779","SPAL_0001678000"
"1780","SPAL_0000416975"
"1781","SPAL_0000848000"
"1782","SPAL_0000832400"
"1783","SPAL_0000938200"
"1784","SPAL_0001493300"
"1785","SPAL_0001114400"
"1786","SPAL_0000988200"
"1787","SPAL_0001204200"
"1788","SPAL_0000289200"
"1789","SPAL_0001006600"
"1790","SPAL_0001080400"
"1791","SPAL_0000948600"
"1792","SPAL_0001312000"
"1793","SPAL_0001126500"
"1794","SPAL_0000865800"
"1795","SPAL_0001630800"
"1796","SPAL_0000867400"
"1797","SPAL_0001563600"
"1798","SPAL_0000493100"
"1799","SPAL_0000839400"
"1800","SPAL_0001657900"
"1801","SPAL_0001736200"
"1802","SPAL_0000492600"
"1803","SPAL_0001342300"
"1804","SPAL_0001635600"
"1805","SPAL_0000260400"
"1806","SPAL_0001168400"
"1807","SPAL_0001160300"
"1808","SPAL_0000425100"
"1809","SPAL_0000282200"
"1810","SPAL_0000688200"
"1811","SPAL_0000846500"
"1812","SPAL_0000562300"
"1813","SPAL_0000867650"
"1814","SPAL_0000994400"
"1815","SPAL_0001764400"
"1816","SPAL_0001420600"
"1817","SPAL_0000974100"
"1818","SPAL_0001658000"
"1819","SPAL_0000985300"
"1820","SPAL_0000149000"
"1821","SPAL_0001402300"
"1822","SPAL_0000052400"
"1823","SPAL_0001695000"
"1824","SPAL_0000945900"
"1825","SPAL_0001696700"
"1826","SPAL_0000680200"
"1827","SPAL_0001516700"
"1828","SPAL_0000476900"
"1829","SPAL_0001356700"
"1830","SPAL_0001244100"
"1831","SPAL_0000686300"
"1832","SPAL_0001217800"
"1833","SPAL_0000084200"
"1834","SPAL_0001561100"
"1835","SPAL_0000294300"
"1836","SPAL_0000363200"
"1837","SPAL_0000731800"
"1838","SPAL_0000150700"
"1839","SPAL_0000992800"
"1840","SPAL_0000973200"
"1841","SPAL_0000337700"
"1842","SPAL_0001034800"
"1843","SPAL_0001589400"
"1844","SPAL_0001645900"
"1845","SPAL_0001512300"
